<?xml version="1.0" encoding="UTF-8"?>
<project-private xmlns="http://www.netbeans.org/ns/project-private/1">
    <editor-bookmarks xmlns="http://www.netbeans.org/ns/editor-bookmarks/2" lastBookmarkId="0"/>
    <open-files xmlns="http://www.netbeans.org/ns/projectui-open-files/2">
        <group>
            <file>file:/C:/Users/tomia_n55eokc/OneDrive/Escritorio/Facultad/PROGRAMACION%20ll/tps/tp2/PRG2_TP2Ej1-ejemplo1/PRG2_TP2Ej1-ejemplo1/src/TP2_EJ1/Persona.java</file>
            <file>file:/C:/Users/tomia_n55eokc/OneDrive/Escritorio/Facultad/PROGRAMACION%20ll/tps/tp2/PRG2_TP2Ej1-ejemplo1/PRG2_TP2Ej1-ejemplo1/src/TP2_EJ1/ej1.java</file>
        </group>
    </open-files>
</project-private>
